<?xml version="1.0" encoding="UTF-8"?>
<mapred>
    <!-- profile -->
    <baseId>0aa126b9d518f962778b4eca10965dba</baseId>
    <projectId>2326</projectId>
    <resourceName>mapreduce</resourceName>
    <idePath>工作流/mapreduce</idePath>

    <!-- classes -->
    <jobLauncher>zcf.mapreduce.JobLauncher</jobLauncher>
    <mapper>zcf.mapreduce.MyMapper</mapper>
    <reducer>zcf.mapreduce.MyReducer</reducer>
    <combiner></combiner>

    <!--task-->
    <mapOutputKey>user_id:string</mapOutputKey>
    <mapOutputValue>item_id:string,behavior_type:bigint, user_geohash:string,item_category:string,time:string</mapOutputValue>
    <!--
    <partitionColumns>col1,col2</partitionColumns>
    <outputKeySortColumns>col1,col2</outputKeySortColumns>
    <outputKeySortOrders>ASC,DESC</outputKeySortOrders>
    <outputGroupingColumns>col1,col2</outputGroupingColumns>
    <numReduceTask>8</numReduceTask>
    <memoryForMapTask>2048</memoryForMapTask>
    <memoryForReduceTask>2048</memoryForReduceTask>
    -->

    <memoryForMapTask>12288</memoryForMapTask>
    <memoryForReduceTask>12288</memoryForReduceTask>
    
    <!-- tables -->
    <inputTables>
        <table>
        	<name>zcf_set1</name></table>
    </inputTables>
    <outputTable>
        <name>zcf_train1_user</name>
    </outputTable>
</mapred>
